-- phpMyAdmin SQL Dump
-- version 5.1.1
-- https://www.phpmyadmin.net/
--
-- Host: 127.0.0.1
-- Generation Time: May 02, 2023 at 08:53 AM
-- Server version: 10.4.22-MariaDB
-- PHP Version: 8.1.2

SET SQL_MODE = "NO_AUTO_VALUE_ON_ZERO";
START TRANSACTION;
SET time_zone = "+00:00";


/*!40101 SET @OLD_CHARACTER_SET_CLIENT=@@CHARACTER_SET_CLIENT */;
/*!40101 SET @OLD_CHARACTER_SET_RESULTS=@@CHARACTER_SET_RESULTS */;
/*!40101 SET @OLD_COLLATION_CONNECTION=@@COLLATION_CONNECTION */;
/*!40101 SET NAMES utf8mb4 */;

--
-- Database: `school`
--

-- --------------------------------------------------------

--
-- Table structure for table `class`
--

CREATE TABLE `class` (
  `class_id` int(11) NOT NULL,
  `class_name` text NOT NULL
) ENGINE=InnoDB DEFAULT CHARSET=utf8mb4;

--
-- Dumping data for table `class`
--

INSERT INTO `class` (`class_id`, `class_name`) VALUES
(1, 'Discrete Maths'),
(2, 'Cyber Security'),
(3, 'User Experience Design'),
(4, 'Programming Fundamentals');

-- --------------------------------------------------------

--
-- Table structure for table `student`
--

CREATE TABLE `student` (
  `student_id` int(11) NOT NULL,
  `student_name` text NOT NULL,
  `date_of_birth` timestamp NOT NULL DEFAULT current_timestamp() ON UPDATE current_timestamp()
) ENGINE=InnoDB DEFAULT CHARSET=utf8mb4;

-- --------------------------------------------------------

--
-- Table structure for table `teacher`
--

CREATE TABLE `teacher` (
  `teacher_id` int(11) NOT NULL,
  `teacher_name` text NOT NULL
) ENGINE=InnoDB DEFAULT CHARSET=utf8mb4;

--
-- Dumping data for table `teacher`
--

INSERT INTO `teacher` (`teacher_id`, `teacher_name`) VALUES
(1, 'David Alterra'),
(2, 'Adam Smith');

-- --------------------------------------------------------

--
-- Table structure for table `teacher_class`
--

CREATE TABLE `teacher_class` (
  `id` int(11) NOT NULL,
  `teacher_id` int(11) NOT NULL,
  `class_id` int(11) NOT NULL
) ENGINE=InnoDB DEFAULT CHARSET=utf8mb4;

--
-- Dumping data for table `teacher_class`
--

INSERT INTO `teacher_class` (`id`, `teacher_id`, `class_id`) VALUES
(1, 1, 1),
(2, 1, 2),
(3, 2, 3),
(4, 2, 4);

-- --------------------------------------------------------

--
-- Table structure for table `users`
--

CREATE TABLE `users` (
  `user_id` int(11) NOT NULL,
  `user_name` text NOT NULL,
  `password` text NOT NULL,
  `teacher_id` int(11) NOT NULL
) ENGINE=InnoDB DEFAULT CHARSET=utf8mb4;

--
-- Dumping data for table `users`
--

INSERT INTO `users` (`user_id`, `user_name`, `password`, `teacher_id`) VALUES
(1, 'david', 'david123', 1),
(2, 'adam', 'adam123', 2);

--
-- Indexes for dumped tables
--

--
-- Indexes for table `class`
--
ALTER TABLE `class`
  ADD PRIMARY KEY (`class_id`);

--
-- Indexes for table `student`
--
ALTER TABLE `student`
  ADD PRIMARY KEY (`student_id`);

--
-- Indexes for table `teacher`
--
ALTER TABLE `teacher`
  ADD PRIMARY KEY (`teacher_id`);

--
-- Indexes for table `teacher_class`
--
ALTER TABLE `teacher_class`
  ADD PRIMARY KEY (`id`),
  ADD KEY `teacher_id` (`teacher_id`),
  ADD KEY `class_id` (`class_id`);

--
-- Indexes for table `users`
--
ALTER TABLE `users`
  ADD PRIMARY KEY (`user_id`),
  ADD KEY `teacher_id` (`teacher_id`);

--
-- AUTO_INCREMENT for dumped tables
--

--
-- AUTO_INCREMENT for table `class`
--
ALTER TABLE `class`
  MODIFY `class_id` int(11) NOT NULL AUTO_INCREMENT, AUTO_INCREMENT=5;

--
-- AUTO_INCREMENT for table `student`
--
ALTER TABLE `student`
  MODIFY `student_id` int(11) NOT NULL AUTO_INCREMENT;

--
-- AUTO_INCREMENT for table `teacher`
--
ALTER TABLE `teacher`
  MODIFY `teacher_id` int(11) NOT NULL AUTO_INCREMENT, AUTO_INCREMENT=3;

--
-- AUTO_INCREMENT for table `teacher_class`
--
ALTER TABLE `teacher_class`
  MODIFY `id` int(11) NOT NULL AUTO_INCREMENT, AUTO_INCREMENT=5;

--
-- AUTO_INCREMENT for table `users`
--
ALTER TABLE `users`
  MODIFY `user_id` int(11) NOT NULL AUTO_INCREMENT, AUTO_INCREMENT=3;

--
-- Constraints for dumped tables
--

--
-- Constraints for table `teacher_class`
--
ALTER TABLE `teacher_class`
  ADD CONSTRAINT `teacher_class_ibfk_1` FOREIGN KEY (`teacher_id`) REFERENCES `teacher` (`teacher_id`),
  ADD CONSTRAINT `teacher_class_ibfk_2` FOREIGN KEY (`class_id`) REFERENCES `class` (`class_id`);

--
-- Constraints for table `users`
--
ALTER TABLE `users`
  ADD CONSTRAINT `users_ibfk_1` FOREIGN KEY (`teacher_id`) REFERENCES `teacher` (`teacher_id`);
COMMIT;

/*!40101 SET CHARACTER_SET_CLIENT=@OLD_CHARACTER_SET_CLIENT */;
/*!40101 SET CHARACTER_SET_RESULTS=@OLD_CHARACTER_SET_RESULTS */;
/*!40101 SET COLLATION_CONNECTION=@OLD_COLLATION_CONNECTION */;
